{"cameraMode":{"drawMode":0,"name":"Shaded","section":"Shading Mode"},"sceneLighting":true,"audioPlay":false,"sceneViewState":{"m_AlwaysRefresh":false,"showFog":true,"showSkybox":true,"showFlares":true,"showImageEffects":true,"showParticleSystems":true,"showVisualEffectGraphs":true,"m_FxEnabled":true},"in2DMode":false,"pivot":{"x":-18.986221313476564,"y":-21.444135665893556,"z":145.35646057128907},"rotation":{"x":0.08815591782331467,"y":-0.07136305421590805,"z":0.006337783299386501,"w":0.9935020208358765},"size":76.69341278076172,"orthographic":false}