{"cameraMode":{"drawMode":0,"name":"Shaded","section":"Shading Mode"},"sceneLighting":false,"audioPlay":false,"sceneViewState":{"m_AlwaysRefresh":false,"showFog":true,"showSkybox":false,"showFlares":true,"showImageEffects":true,"showParticleSystems":true,"showVisualEffectGraphs":true,"m_FxEnabled":true},"in2DMode":false,"pivot":{"x":-0.1451646238565445,"y":0.9147546887397766,"z":-0.4772071838378906},"rotation":{"x":0.000678995915222913,"y":-0.9981980323791504,"z":0.05877114459872246,"w":0.011086751706898213},"size":1.250514268875122,"orthographic":false}